Whaling Wall,Tree Hole,Not Related
天堂,烦,nan
李医生,今天,图片评论
你,自己,图片评论  网页链接
您,天气,。
英雄,明天,看看
致敬,今年,1
谢谢,压力,截图留个爪
感谢,难,
文亮,为什么,
亮哥,担心,
李哥,我要,
一路走好,昨天,
安好,疯,
RIP,失眠,
谢谢您,每天,
🙏🏻,迷茫,
🙏,毕业,
抢救,分手,
永远记得,考试,
铭记,怎么办,
[小白菊],下雨,
安息,考研,
李老师,回家,
烈士,开学,
在那边,一天,
💐,喜欢,
[蠟燭],妈妈,
吹哨人,最近,
走好,事情,
生日快乐,高考,
还好吗,变好,
老李,焦虑,
恭喜,异地,
不会忘记,科目二,
永垂不朽,科目三,
好久不见,爸爸,
文亮老哥,上岸,
庆余年2,考研,
祈祷,结婚,
恭喜,爱,
再见,冷,
您家人,心情,
R.I.P,吵架,
加油,吃,
调查,怕,
迟到的正义,通过,
李大夫,工作,
遗忘,上班,
怀念,下班,
训诫书,我,
天使,失业,
放心,好看,
先生,未来,
千古,高数,
庆余年,难过,
奇迹,累,
永远,生活,
青年,恋爱,
公道,核酸,
没有忘记,口罩,
平安回来,上岸,
辟谣,工作,
🕯️,压力,
勇敢的人,复试,
你的家人,男朋友,
您的家人,失败,
保重,她,
想到你,他,
好久没来,不想,
回来,无聊,
安,焦虑,
李醫師,认真,
师兄,幸福,
看看你,努力,
表彰,想,
祝好,关系,
2.6,日子,
李sir,世界,
伟大,昨晚,
亮亮,今晚,
平行世界,婚姻,
悼念,周一,
记得你,生气,
表彰,倒霉,
当爸爸,大学生,
等你,忙,
活过来,加班,
辛苦了,小区,
学长,姐姐,
李兄,奶奶,
永垂不朽,家里,
等你,痛苦,
民族英雄,手术,
敬礼,折磨,
缅怀,外婆,
,我家,
,前途,
,网课,
,学期,
,秘密,
,糟糕,
,备考,
,准备,
,不开心,
,这两天,
,烦恼,
,人生,
,好运,
,期末,
,朋友,
,哭,
,生病,
,解封,
,下雪,
,困惑,
,好累,
,分享,
,唠嗑,
,车祸,
,论文,
,保佑,
,备考,
,作业,
,崩溃,
